Cad_name,Id,Cad_senha,Cad_registro
davi nicollas,2,123456,
davi nicollas pp,17,12345432,
davi nicollas pp,18,12345432,
davi nicollas pp,19,12345432,
davi nicollas pp,20,12345432,
davi nicollas pp,21,12345432,
davi nicollas pp,22,12345432,
davi nicollas pp,23,12345432,
davi nicollas pp,24,12345432,
davi nicollas pp,25,12345432,
davi nicollas pp,26,12345432,
davi nicollas pp,27,12345432,
davi nicollas pp,16,12345432,
davi nicollas pp,15,12345432,
davi nicollas pp,3,12345432,
davi nicollas pp,4,12345432,
davi nicollas pp,5,12345432,
davi nicollas pp,6,12345432,
davi nicollas pp,9,12345432,
davi nicollas pp,10,12345432,
davi nicollas pp,11,12345432,
davi nicollas pp,12,12345432,
davi nicollas pp,13,12345432,
davi nicollas pp,14,12345432,
davi nicollas pp,28,12345432,
professor,8,12345432,
